1;"Салат "Оливье";Состав: картофель, колбаса вареная, огурцы, яйца, зеленый горошек, майонез;31.12.2023 13:30
2;День рождения буржуя;Саня Шестипалый;13.04.1976 1:50
3;Спектакли;"Транссиб" в Театре "Практика", "Станиславский" - Кате и Талгату;25.05.2004 12:46
4;Сервисы бронирования жилья;sutochno.ru;29.03.2022 9:16
5;Мама;Бринтелликс (Vortioxitin) 2,5 мг, Кветиапин 1/2 таб. (на ночь);22.06.2021 10:17
6;VINES;Портвейн "Vinho do Porto", Messias, Porto Ruby, черная с красным бутылка;17.09.2023 16:57
7;Купить: ;Свекла, капуста, картошка, уксус, зелень, молоко, фарш;30.07.1998 13:56
8;Грипп "А";От жара - Ибуклин, от вируса - Осельтамивир (Тамифлю), остальное по симптоматике;15.08.2023 15:07
9;Грумеры;"Эйс-Вентура", Александр!!!;23.01.2024 16:16
10;Волосы;Средство для кудряшек: Catwalk by Tigi: Curls Rock Amplifier;08.12.2023 15:31
11;Fat Secret;;05.05.2002 10:17
12;Это бесполезно;It's useless;16.10.2000 15:57
13;Оксана Килина;Мир стопы: https://kilinaoxana.ru/worldofthefoot;07.01.2024 19:14
14;Машина;13.11.2023 VIN code:  W0H0THS234908723;03.11.1999 15:36
15;Заказ на 26.10;Паштет из куриной печени;20.10.2023 18:54
